loss,hyperparameters,iteration,runtime,score
0.6809447141958163,"{'boosting_type': 'gbdt', 'colsample_bytree': 0.8222783652230615, 'is_unbalance': False, 'learning_rate': 0.06661743971154067, 'min_child_samples': 25, 'num_leaves': 133, 'reg_alpha': 0.1194727600380946, 'reg_lambda': 0.6240931302924652, 'subsample_for_bin': 140000, 'subsample': 0.8063062933362481, 'n_estimators': 31}",1,4.35520595700018,0.3190552858041838
0.6584757498041183,"{'boosting_type': 'dart', 'colsample_bytree': 0.9683001169336988, 'is_unbalance': True, 'learning_rate': 0.15407817168338925, 'min_child_samples': 35, 'num_leaves': 67, 'reg_alpha': 0.9387084747594142, 'reg_lambda': 0.9232487252073092, 'subsample_for_bin': 240000, 'subsample': 0.6395867461562655, 'n_estimators': 10000}",1,318.64722931200004,0.34152425019588173
0.6800193813955935,"{'boosting_type': 'dart', 'colsample_bytree': 0.9870313448593813, 'is_unbalance': False, 'learning_rate': 0.011686252740603772, 'min_child_samples': 220, 'num_leaves': 148, 'reg_alpha': 0.034518461504571496, 'reg_lambda': 0.4979616270385714, 'subsample_for_bin': 140000, 'subsample': 0.7046065113652689, 'n_estimators': 10000}",2,260.84571486999994,0.31998061860440646
0.6785910882172238,"{'boosting_type': 'goss', 'colsample_bytree': 0.8862204683865733, 'is_unbalance': True, 'learning_rate': 0.4114984270525433, 'min_child_samples': 200, 'num_leaves': 120, 'reg_alpha': 0.5772799554074565, 'reg_lambda': 0.7890072361766509, 'subsample_for_bin': 140000, 'subsample': 1.0, 'n_estimators': 2}",3,0.28609679300006974,0.3214089117827762
0.6786861343779945,"{'boosting_type': 'goss', 'colsample_bytree': 0.7393181776714834, 'is_unbalance': False, 'learning_rate': 0.10455348880287908, 'min_child_samples': 50, 'num_leaves': 48, 'reg_alpha': 0.19495817273031435, 'reg_lambda': 0.4773644168745006, 'subsample_for_bin': 160000, 'subsample': 1.0, 'n_estimators': 9}",4,0.94315616699987,0.3213138656220055
0.5944967591817826,"{'boosting_type': 'dart', 'colsample_bytree': 0.7200057909889617, 'is_unbalance': True, 'learning_rate': 0.2845657674234743, 'min_child_samples': 195, 'num_leaves': 71, 'reg_alpha': 0.8465888279920283, 'reg_lambda': 0.21817506765489925, 'subsample_for_bin': 160000, 'subsample': 0.8682562659849684, 'n_estimators': 10000}",5,198.07291165100014,0.4055032408182174
