loss,hyperparameters,iteration,runtime,score
0.6748598239178367,"{'boosting_type': 'dart', 'colsample_bytree': 0.6257343519350684, 'is_unbalance': False, 'learning_rate': 0.031561487454282985, 'min_child_samples': 215, 'num_leaves': 88, 'reg_alpha': 0.19775437590995248, 'reg_lambda': 0.7993820273360693, 'subsample_for_bin': 80000, 'subsample': 0.9571159958385023, 'n_estimators': 10000}",1,255.4025991890012,0.32514017608216333
0.681701983566473,"{'boosting_type': 'gbdt', 'colsample_bytree': 0.9650603987998465, 'is_unbalance': True, 'learning_rate': 0.02211829845795717, 'min_child_samples': 35, 'num_leaves': 119, 'reg_alpha': 0.689698650892959, 'reg_lambda': 0.2312767358118808, 'subsample_for_bin': 280000, 'subsample': 0.5227471381599387, 'n_estimators': 196}",2,8.666920978001144,0.31829801643352695
0.6792344703978254,"{'boosting_type': 'goss', 'colsample_bytree': 0.9225659419125403, 'is_unbalance': False, 'learning_rate': 0.12326339369303185, 'min_child_samples': 485, 'num_leaves': 27, 'reg_alpha': 0.4956171943631894, 'reg_lambda': 0.4722665629733035, 'subsample_for_bin': 260000, 'subsample': 1.0, 'n_estimators': 8}",3,0.2968383960032952,0.32076552960217464
0.6717958660309308,"{'boosting_type': 'dart', 'colsample_bytree': 0.8848030591318415, 'is_unbalance': True, 'learning_rate': 0.054947662089935644, 'min_child_samples': 420, 'num_leaves': 137, 'reg_alpha': 0.3856576068887806, 'reg_lambda': 0.09275912882179116, 'subsample_for_bin': 160000, 'subsample': 0.5840999585117015, 'n_estimators': 10000}",4,187.45011494200298,0.3282041339690692
0.6656000153789938,"{'boosting_type': 'dart', 'colsample_bytree': 0.6982497601728399, 'is_unbalance': False, 'learning_rate': 0.11417327493322736, 'min_child_samples': 55, 'num_leaves': 49, 'reg_alpha': 0.30441558276373526, 'reg_lambda': 0.5481580013447513, 'subsample_for_bin': 20000, 'subsample': 0.857376968999437, 'n_estimators': 10000}",5,297.3164234760043,0.3343999846210061
